date,season,week,home_team,away_team,bet_type,team,amount,odds,line,edge,model_probability,result,payout,bankroll
9/11/2022,2022,2.0,Carolina Panthers,Cleveland Browns,moneyline,Cleveland Browns,20.0,138.79466022349442,,0.3003198504447937,0.719089686870575,win,27.758932044698884,1027.758932044699
9/11/2022,2022,2.0,Cincinnati Bengals,Pittsburgh Steelers,moneyline,Pittsburgh Steelers,20.555178640893978,141.3336293250724,,0.289341002702713,0.7037051320075989,win,29.051379987427545,1056.8103120321264
9/11/2022,2022,2.0,Dallas Cowboys,Tampa Bay Buccaneers,moneyline,Tampa Bay Buccaneers,21.13620624064253,268.04835892209064,,0.43658995628356934,0.7082933783531189,win,56.65525396643081,1113.4655659985572
9/11/2022,2022,2.0,Detroit Lions,Philadelphia Eagles,moneyline,Philadelphia Eagles,22.269311319971145,170.6705227539822,,0.34331998229026794,0.7127728462219238,win,38.007150043506485,1151.4727160420637
9/11/2022,2022,2.0,Houston Texans,Indianapolis Colts,over,,23.029454320841275,-110.03280030788942,45.5,0.10111611069037263,0.625,lose,0.0,1128.4432617212224
9/11/2022,2022,2.0,Los Angeles Chargers,Las Vegas Raiders,under,,22.568865234424447,-114.29345693990767,52.5,0.09164980549565771,0.625,win,19.74641929527998,1148.1896810165024
9/11/2022,2022,2.0,Tennessee Titans,New York Giants,moneyline,New York Giants,22.963793620330048,271.0700019279526,,0.44900885224342346,0.7184997797012329,win,62.247955809359716,1210.437636825862
9/15/2022,2022,3.0,Kansas City Chiefs,Los Angeles Chargers,under,,24.20875273651724,-113.49587619101666,52.5,0.09339312207852257,0.625,win,21.330072553273432,1231.7677093791353
9/18/2022,2022,3.0,Baltimore Ravens,Miami Dolphins,moneyline,Baltimore Ravens,24.635354187582706,-156.84183907579782,,0.018022656440734863,0.6286779642105103,lose,0.0,1207.1323551915527
9/18/2022,2022,3.0,Cleveland Browns,New York Jets,moneyline,New York Jets,24.142647103831056,295.8355143627639,,0.47379517555236816,0.7264253497123718,win,71.42252424040552,1278.5548794319582
9/18/2022,2022,3.0,Las Vegas Raiders,Arizona Cardinals,under,,25.571097588639162,-110.14136486210894,52.0,0.025870136589330017,0.55,lose,0.0,1252.983781843319
9/18/2022,2022,3.0,New Orleans Saints,Tampa Bay Buccaneers,moneyline,Tampa Bay Buccaneers,25.059675636866384,139.73474458694585,,0.3003946840763092,0.717522382736206,win,35.01707374549234,1288.0008555888114
9/18/2022,2022,3.0,Pittsburgh Steelers,New England Patriots,moneyline,New England Patriots,25.76001711177623,213.39114868414123,,0.4028680920600891,0.7219581604003906,win,54.969596416050635,1342.970452004862
9/18/2022,2022,3.0,Pittsburgh Steelers,New England Patriots,over,,25.76001711177623,-113.8173638667616,40.0,0.0926888639517327,0.625,lose,0.0,1317.2104348930857
9/25/2022,2022,4.0,Arizona Cardinals,Los Angeles Rams,moneyline,Los Angeles Rams,26.344208697861713,150.97425140384,,0.328755646944046,0.7272028923034668,win,39.77297186986202,1356.9834067629477
9/25/2022,2022,4.0,Indianapolis Colts,Kansas City Chiefs,under,,27.139668135258955,-111.64797648696005,51.0,0.022482665130328594,0.55,win,24.30824900658073,1381.2916557695285
9/25/2022,2022,4.0,Los Angeles Chargers,Jacksonville Jaguars,moneyline,Los Angeles Chargers,27.62583311539057,-160.86889595585606,,0.026147186756134033,0.6428128480911255,lose,0.0,1353.6658226541379
9/25/2022,2022,4.0,Minnesota Vikings,Detroit Lions,under,,27.073316453082757,-113.6400328318675,51.5,0.018077067179160133,0.55,lose,0.0,1326.5925062010551
9/25/2022,2022,4.0,Seattle Seahawks,Atlanta Falcons,moneyline,Seattle Seahawks,26.531850124021105,-174.29124814197988,,0.030201613903045654,0.6656256318092346,lose,0.0,1300.060656077034
9/25/2022,2022,4.0,Tampa Bay Buccaneers,Green Bay Packers,moneyline,Green Bay Packers,26.001213121540683,190.29559207564856,,0.3667902946472168,0.7112667560577393,win,49.47916245648707,1349.5398185335212
9/25/2022,2022,4.0,Washington Commanders,Philadelphia Eagles,moneyline,Philadelphia Eagles,26.990796370670424,239.25580962201786,,0.4260307848453522,0.720793604850769,win,64.57704838007774,1414.1168669135989
10/2/2022,2022,5.0,Baltimore Ravens,Buffalo Bills,under,,28.28233733827198,-111.06762297676299,50.0,0.023781807885377537,0.55,win,25.464070068546498,1439.5809369821454
10/2/2022,2022,5.0,Carolina Panthers,Arizona Cardinals,moneyline,Arizona Cardinals,28.79161873964291,201.38539303387665,,0.38853248953819275,0.7203335762023926,win,57.98211455964516,1497.5630515417906
10/2/2022,2022,5.0,Dallas Cowboys,Washington Commanders,over,,29.951261030835813,-112.69023924335949,41.0,0.020167321056893117,0.55,lose,0.0,1467.6117905109547
10/2/2022,2022,5.0,Las Vegas Raiders,Denver Broncos,under,,29.352235810219096,-112.3330283327254,45.5,0.09595829031035252,0.625,lose,0.0,1438.2595547007356
10/2/2022,2022,5.0,New York Giants,Chicago Bears,over,,28.765191094014714,-114.52483459327436,39.5,0.01614649623011588,0.55,lose,0.0,1409.494363606721
10/2/2022,2022,5.0,Pittsburgh Steelers,New York Jets,over,,28.18988727213442,-111.30810807032802,41.0,0.023242607267667137,0.55,win,25.32599624667338,1434.8203598533944
10/2/2022,2022,5.0,Tampa Bay Buccaneers,Kansas City Chiefs,moneyline,Kansas City Chiefs,28.696407197067888,182.26990931342178,,0.37371352314949036,0.7279843688011169,win,52.30491537430588,1487.1252752277003
10/6/2022,2022,6.0,Denver Broncos,Indianapolis Colts,moneyline,Indianapolis Colts,29.742505504554007,155.45344153474989,,0.3261314034461975,0.717592179775238,win,46.235748405491634,1533.361023633192
10/6/2022,2022,6.0,Denver Broncos,Indianapolis Colts,under,,29.742505504554007,-111.51799063771918,42.0,0.09777302369648833,0.625,win,26.670589502617958,1560.03161313581
10/9/2022,2022,6.0,Arizona Cardinals,Philadelphia Eagles,moneyline,Philadelphia Eagles,31.2006322627162,124.17095248774979,,0.28161734342575073,0.7277054786682129,win,38.74212226281487,1598.773735398625
10/9/2022,2022,6.0,Arizona Cardinals,Philadelphia Eagles,under,,31.2006322627162,-113.43153576500647,49.0,0.0185343224541219,0.55,win,27.50613579574012,1626.2798711943651
10/9/2022,2022,6.0,Carolina Panthers,San Francisco 49ers,moneyline,San Francisco 49ers,32.525597423887305,247.9753922138911,,0.41779541969299316,0.705172061920166,win,80.65547778179581,1706.9353489761609
10/9/2022,2022,6.0,Jacksonville Jaguars,Houston Texans,moneyline,Houston Texans,34.13870697952322,150.84550891070856,,0.3271321952342987,0.7257839441299438,win,51.49670627879738,1758.4320552549582
10/9/2022,2022,6.0,Los Angeles Rams,Dallas Cowboys,moneyline,Dallas Cowboys,35.16864110509916,266.10740512988843,,0.4196481704711914,0.6927920579910278,win,93.58635826422271,1852.018413519181
10/10/2022,2022,7.0,Kansas City Chiefs,Las Vegas Raiders,under,,37.04036827038362,-114.7853586275541,51.5,0.015581083547709484,0.55,lose,0.0,1814.9780452487973
10/13/2022,2022,7.0,Chicago Bears,Washington Commanders,moneyline,Chicago Bears,36.29956090497595,-165.52584249419914,,0.0242307186126709,0.6476195454597473,lose,0.0,1778.6784843438213
10/16/2022,2022,7.0,Indianapolis Colts,Jacksonville Jaguars,under,,35.573569686876425,-118.00250242107766,41.0,0.08371033079632884,0.625,lose,0.0,1743.1049146569449
10/16/2022,2022,7.0,Kansas City Chiefs,Buffalo Bills,moneyline,Buffalo Bills,34.8620982931389,174.43398742138723,,0.35403570532798767,0.7184220552444458,win,60.81134815148556,1803.9162628084305
10/16/2022,2022,7.0,Kansas City Chiefs,Buffalo Bills,under,,34.8620982931389,-113.8930329541593,54.0,0.0925234093362527,0.625,win,30.609509105943747,1834.5257719143742
10/16/2022,2022,7.0,New York Giants,Baltimore Ravens,over,,36.690515438287484,-118.80475656782201,45.5,0.0820284557273937,0.625,lose,0.0,1797.8352564760867
10/16/2022,2022,7.0,Philadelphia Eagles,Dallas Cowboys,over,,35.95670512952174,-110.10406196866515,42.5,0.025954624879713117,0.55,win,32.65701962908032,1830.492276105167
10/16/2022,2022,8.0,Seattle Seahawks,Arizona Cardinals,under,,36.60984552210334,-110.87124531310444,50.5,0.024223025768727702,0.55,win,33.02014459990578,1863.5124207050728
10/23/2022,2022,8.0,Los Angeles Chargers,Seattle Seahawks,moneyline,Seattle Seahawks,37.27024841410146,136.74596210404292,,0.30610138177871704,0.7284950613975525,win,50.965559772429835,1914.4779804775026
10/23/2022,2022,8.0,Miami Dolphins,Pittsburgh Steelers,over,,38.289559609550054,-111.13821626002874,44.0,0.09862340068670616,0.625,lose,0.0,1876.1884208679526
10/23/2022,2022,8.0,San Francisco 49ers,Kansas City Chiefs,moneyline,San Francisco 49ers,37.52376841735905,-164.74847786371248,,0.05598890781402588,0.6782718896865845,lose,0.0,1838.6646524505936
10/24/2022,2022,9.0,New England Patriots,Chicago Bears,moneyline,Chicago Bears,36.773293049011876,254.9220912263342,,0.4690404236316681,0.750792384147644,win,93.74324765332928,1932.4079001039229
10/27/2022,2022,9.0,Tampa Bay Buccaneers,Baltimore Ravens,moneyline,Tampa Bay Buccaneers,38.64815800207846,-167.64731164690392,,0.02629673480987549,0.6526707410812378,lose,0.0,1893.7597421018445
10/30/2022,2022,9.0,Atlanta Falcons,Carolina Panthers,over,,37.87519484203689,-112.75381391588206,41.0,0.020026826590933355,0.55,win,33.59105428601554,1927.35079638786
10/30/2022,2022,9.0,Dallas Cowboys,Chicago Bears,over,,38.5470159277572,-112.95145129562111,42.5,0.019590601010645914,0.55,win,34.12706564245057,1961.4778620303107
10/30/2022,2022,9.0,Detroit Lions,Miami Dolphins,moneyline,Miami Dolphins,39.22955724060621,155.0583888884126,,0.3236570358276367,0.7157241106033325,win,60.828719425341596,2022.3065814556523
10/30/2022,2022,9.0,Houston Texans,Tennessee Titans,moneyline,Tennessee Titans,40.44613162911305,174.81081195980545,,0.35709893703460693,0.7209856510162354,win,70.70421110718421,2093.0107925628367
10/30/2022,2022,9.0,Houston Texans,Tennessee Titans,over,,40.44613162911305,-112.7683660727622,39.5,0.01999467940550037,0.55,lose,0.0,2052.5646609337236
11/6/2022,2022,10.0,Arizona Cardinals,Seattle Seahawks,moneyline,Seattle Seahawks,41.05129321867447,224.77692479768194,,0.43096351623535156,0.7388671636581421,win,92.27383448661583,2144.8384954203393
11/6/2022,2022,10.0,Detroit Lions,Green Bay Packers,under,,42.89676990840679,-112.70196985686766,49.5,0.09514139110837783,0.625,win,38.062129670746664,2182.900625091086
11/7/2022,2022,11.0,New Orleans Saints,Baltimore Ravens,moneyline,New Orleans Saints,43.65801250182172,-181.05291719069461,,0.025678157806396484,0.6698732972145081,lose,0.0,2139.2426125892644
11/10/2022,2022,11.0,Carolina Panthers,Atlanta Falcons,over,,42.78485225178529,-116.18346468916387,41.5,0.08757006817696944,0.625,lose,0.0,2096.457760337479
11/13/2022,2022,11.0,Buffalo Bills,Minnesota Vikings,moneyline,Minnesota Vikings,41.929155206749584,133.0776693232043,,0.3045351207256317,0.7335766553878784,win,55.798342516051314,2152.2561028535306
11/13/2022,2022,11.0,Chicago Bears,Detroit Lions,moneyline,Detroit Lions,43.045122057070614,210.3138027993068,,0.3854040205478668,0.7076584696769714,win,90.52983311782842,2242.785935971359
11/13/2022,2022,11.0,Miami Dolphins,Cleveland Browns,under,,44.85571871942718,-112.7037315306346,49.5,0.020137497261525694,0.55,lose,0.0,2197.9302172519315
11/13/2022,2022,11.0,New York Giants,Houston Texans,over,,43.95860434503863,-114.86020382849256,41.0,0.015418901304881993,0.55,lose,0.0,2153.971612906893
11/13/2022,2022,11.0,Pittsburgh Steelers,New Orleans Saints,over,,43.07943225813786,-118.3840693706212,39.5,0.08290885886593347,0.625,lose,0.0,2110.892180648755
11/13/2022,2022,12.0,Tennessee Titans,Denver Broncos,over,,42.2178436129751,-111.6736810073401,39.5,0.09742528936099693,0.625,lose,0.0,2068.67433703578
11/17/2022,2022,12.0,Green Bay Packers,Tennessee Titans,over,,41.3734867407156,-112.45004195529158,40.5,0.020698895042083332,0.55,win,36.79277127985872,2105.4671083156386
11/20/2022,2022,12.0,Baltimore Ravens,Carolina Panthers,over,,42.10934216631277,-114.83921865971769,41.5,0.015464362716703484,0.55,lose,0.0,2063.357766149326
11/20/2022,2022,12.0,Buffalo Bills,Cleveland Browns,under,,41.26715532298652,-114.31430488584995,50.5,0.016604410999363384,0.55,lose,0.0,2022.0906108263393
11/20/2022,2022,12.0,Denver Broncos,Las Vegas Raiders,moneyline,Denver Broncos,40.441812216526785,-198.72411960587266,,0.0838470458984375,0.7490900158882141,lose,0.0,1981.6487986098125
11/20/2022,2022,12.0,Houston Texans,Washington Commanders,moneyline,Houston Texans,39.63297597219625,-178.68783147253015,,0.07395344972610474,0.715129017829895,lose,0.0,1942.0158226376163
11/20/2022,2022,12.0,Indianapolis Colts,Philadelphia Eagles,moneyline,Indianapolis Colts,38.840316452752326,-248.22575519990932,,0.03133124113082886,0.7441611886024475,lose,0.0,1903.175506184864
11/24/2022,2022,13.0,Detroit Lions,Buffalo Bills,moneyline,Buffalo Bills,38.06351012369728,137.61064839716352,,0.3114852011203766,0.7323417663574219,win,52.379443083939805,1955.5549492688037
11/27/2022,2022,13.0,Arizona Cardinals,Los Angeles Chargers,moneyline,Los Angeles Chargers,39.111098985376074,193.96771670157577,,0.37082359194755554,0.7109969854354858,win,75.86290567882715,2031.417854947631
11/27/2022,2022,13.0,Arizona Cardinals,Los Angeles Chargers,under,,39.111098985376074,-110.36892783157673,48.5,0.02535537225374329,0.55,lose,0.0,1992.306755962255
11/27/2022,2022,13.0,Carolina Panthers,Denver Broncos,over,,39.8461351192451,-110.03512161833682,36.0,0.0261108486499414,0.55,lose,0.0,1952.46062084301
11/27/2022,2022,13.0,Kansas City Chiefs,Los Angeles Rams,over,,39.0492124168602,-111.80033647910837,42.0,0.09714278155721356,0.625,lose,0.0,1913.4114084261498
11/27/2022,2022,13.0,New York Jets,Chicago Bears,over,,38.268228168522995,-114.70386876945607,37.5,0.015757792689695904,0.55,win,33.36263072820893,1946.7740391543587
11/27/2022,2022,13.0,Tennessee Titans,Cincinnati Bengals,over,,38.93548078308717,-110.22186917542538,42.0,0.10068790246343151,0.625,lose,0.0,1907.8385583712716
11/28/2022,2022,14.0,Indianapolis Colts,Pittsburgh Steelers,moneyline,Pittsburgh Steelers,38.15677116742543,235.00047213969214,,0.43467050790786743,0.7331775426864624,win,89.66859239671169,1997.5071507679831
12/1/2022,2022,14.0,New England Patriots,Buffalo Bills,moneyline,New England Patriots,39.950143015359664,-168.44362904699597,,0.07779699563980103,0.7052792906761169,lose,0.0,1957.5570077526236
12/4/2022,2022,14.0,Atlanta Falcons,Pittsburgh Steelers,moneyline,Pittsburgh Steelers,39.151140155052474,255.42618929674018,,0.44574621319770813,0.7270985841751099,win,100.00226536427638,2057.5592731169
12/4/2022,2022,14.0,Atlanta Falcons,Pittsburgh Steelers,over,,39.151140155052474,-118.45819336006782,43.0,0.08275348803318949,0.625,lose,0.0,2018.4081329618475
12/4/2022,2022,14.0,Chicago Bears,Green Bay Packers,moneyline,Green Bay Packers,40.36816265923695,157.6956553526085,,0.3556952476501465,0.7437499165534973,win,63.6588386592907,2082.0669716211382
12/4/2022,2022,14.0,Cincinnati Bengals,Kansas City Chiefs,under,,41.64133943242277,-113.31937956530572,53.5,0.01878066214038443,0.55,win,36.746882653399055,2118.8138542745373
12/4/2022,2022,14.0,Dallas Cowboys,Indianapolis Colts,under,,42.37627708549075,-118.56032518820288,44.5,0.08253958278516349,0.625,lose,0.0,2076.437577189047
12/11/2022,2022,15.0,Denver Broncos,Kansas City Chiefs,moneyline,Kansas City Chiefs,41.528751543780935,135.13125056378632,,0.3281905949115753,0.7534849643707275,win,56.1183213046389,2132.5558984936856
12/11/2022,2022,15.0,Pittsburgh Steelers,Baltimore Ravens,over,,42.65111796987372,-113.92926152112672,37.0,0.01744423501936143,0.55,lose,0.0,2089.904780523812
12/11/2022,2022,15.0,Seattle Seahawks,Carolina Panthers,moneyline,Carolina Panthers,41.79809561047624,238.51887273460846,,0.42809349298477173,0.7234979867935181,win,99.69634647464179,2189.6011269984538
12/11/2022,2022,15.0,Tennessee Titans,Jacksonville Jaguars,moneyline,Tennessee Titans,43.792022539969075,-169.52894068264357,,0.020162463188171387,0.6491447687149048,lose,0.0,2145.809104458485
12/15/2022,2022,16.0,Seattle Seahawks,San Francisco 49ers,moneyline,Seattle Seahawks,42.916182089169695,-158.71237369320417,,0.02185046672821045,0.6353208422660828,lose,0.0,2102.8929223693153
12/17/2022,2022,16.0,Minnesota Vikings,Indianapolis Colts,under,,42.05785844738631,-115.22918665347726,47.0,0.08962100031536036,0.625,lose,0.0,2060.835063921929
12/18/2022,2022,16.0,Carolina Panthers,Pittsburgh Steelers,moneyline,Carolina Panthers,41.21670127843858,-150.17515815863496,,0.08020424842834473,0.6804842948913574,lose,0.0,2019.6183626434902
12/18/2022,2022,16.0,Denver Broncos,Arizona Cardinals,over,,40.3923672528698,-111.22316159367494,37.0,0.09843292868784748,0.625,win,36.316506988385086,2055.9348696318752
12/18/2022,2022,16.0,Houston Texans,Kansas City Chiefs,under,,41.11869739263751,-112.32729792532928,48.5,0.09597100079504495,0.625,lose,0.0,2014.8161722392376
12/18/2022,2022,16.0,Houston Texans,Kansas City Chiefs,moneyline,Houston Texans,41.11869739263751,-152.91760234272232,,0.08122718334197998,0.6858415007591248,lose,0.0,1973.6974748466
12/18/2022,2022,16.0,Jacksonville Jaguars,Dallas Cowboys,under,,39.473949496932,-117.1292601943544,48.0,0.08555515461384189,0.625,lose,0.0,1934.223525349668
12/22/2022,2022,17.0,New York Jets,Jacksonville Jaguars,moneyline,Jacksonville Jaguars,38.684470506993364,293.26601363339546,,0.4927371144294739,0.7470179200172424,win,113.44840455104601,2047.671929900714
12/24/2022,2022,18.0,Baltimore Ravens,Atlanta Falcons,over,,40.95343859801428,-110.25464624920764,35.0,0.025613746397182724,0.55,lose,0.0,2006.7184913026997
12/24/2022,2022,18.0,Carolina Panthers,Detroit Lions,over,,40.134369826054,-115.49308400613148,43.5,0.08905201568860865,0.625,win,34.75045295692622,2041.468944259626
12/24/2022,2022,18.0,Chicago Bears,Buffalo Bills,moneyline,Chicago Bears,40.82937888519252,-150.39390599921714,,0.043399930000305176,0.6440292000770569,lose,0.0,2000.6395653744335
12/24/2022,2022,18.0,Cleveland Browns,New Orleans Saints,moneyline,Cleveland Browns,40.01279130748867,-156.68396051741198,,0.08403581380844116,0.6944516897201538,lose,0.0,1960.6267740669448
12/24/2022,2022,18.0,Cleveland Browns,New Orleans Saints,over,,40.01279130748867,-112.24692757137389,32.0,0.021149340743093825,0.55,lose,0.0,1920.6139827594561
12/24/2022,2022,18.0,Minnesota Vikings,New York Giants,under,,38.412279655189124,-111.95636673393133,48.0,0.02179521682181851,0.55,lose,0.0,1882.201703104267
12/24/2022,2022,18.0,New England Patriots,Cincinnati Bengals,moneyline,New England Patriots,37.64403406208534,-229.1602744418948,,0.08661705255508423,0.7828136682510376,lose,0.0,1844.5576690421815
1/1/2023,2022,19.0,Atlanta Falcons,Arizona Cardinals,over,,36.89115338084363,-119.30913650320981,40.5,0.08097735504528969,0.625,lose,0.0,1807.6665156613378
1/1/2023,2022,19.0,Baltimore Ravens,Pittsburgh Steelers,moneyline,Pittsburgh Steelers,36.15333031322676,153.1627744101626,,0.3091971278190613,0.7041999101638794,win,55.37344374940843,1863.0399594107462
1/1/2023,2022,19.0,Houston Texans,Jacksonville Jaguars,moneyline,Jacksonville Jaguars,37.260799188214925,145.57071784258838,,0.33584222197532654,0.7430568933486938,win,54.2408128521698,1917.280772262916
1/1/2023,2022,20.0,New England Patriots,Miami Dolphins,over,,38.34561544525832,-113.26163133872566,41.5,0.018907601298280285,0.55,win,33.85578592858166,1951.1365581914974
1/1/2023,2022,21.0,Philadelphia Eagles,New Orleans Saints,moneyline,Philadelphia Eagles,39.02273116382995,-162.91169642238935,,0.043885886669158936,0.6635300517082214,lose,0.0,1912.1138270276674
1/1/2023,2022,22.0,Seattle Seahawks,New York Jets,over,,38.24227654055335,-112.56633886131695,43.0,0.09544137155338717,0.625,lose,0.0,1873.871550487114
1/8/2023,2022,1.0,Chicago Bears,Minnesota Vikings,moneyline,Minnesota Vikings,37.47743100974228,229.96862196829366,,0.2988245189189911,0.6018836498260498,win,86.1863316422223,1960.0578821293363
1/8/2023,2022,1.0,Denver Broncos,Los Angeles Chargers,over,,39.20115764258673,-119.70268682985521,39.0,0.08016056923529213,0.625,win,32.74877004081542,1992.8066521701517
1/8/2023,2022,1.0,Green Bay Packers,Detroit Lions,moneyline,Green Bay Packers,39.856133043403034,-160.93513716272528,,0.0397455096244812,0.6565085053443909,lose,0.0,1952.9505191267485
1/8/2023,2022,1.0,Miami Dolphins,New York Jets,over,,39.05901038253497,-112.09894113630972,37.5,0.021478072753474797,0.55,lose,0.0,1913.8915087442135
1/8/2023,2022,1.0,Pittsburgh Steelers,Cleveland Browns,over,,38.27783017488427,-113.25674081448953,40.0,0.01891835455269042,0.55,win,33.79739686980926,1947.6889056140228
9/7/2023,2023,2.0,Kansas City Chiefs,Detroit Lions,moneyline,Detroit Lions,38.95377811228046,281.873487203011,,0.4450795352458954,0.7069463729858398,win,109.80037276240816,2057.489278376431
9/7/2023,2023,2.0,Kansas City Chiefs,Detroit Lions,under,,38.95377811228046,-115.93961126594237,53.0,0.08809243317495885,0.625,win,33.59833424223603,2091.0876126186668
9/10/2023,2023,3.0,Atlanta Falcons,Carolina Panthers,over,,41.82175225237334,-110.1517458564976,39.5,0.02584662974099272,0.55,lose,0.0,2049.2658603662935
9/10/2023,2023,3.0,Baltimore Ravens,Houston Texans,over,,40.98531720732587,-112.4336923349562,43.5,0.020735121631856646,0.55,lose,0.0,2008.2805431589677
9/10/2023,2023,3.0,Denver Broncos,Las Vegas Raiders,moneyline,Las Vegas Raiders,40.16561086317935,134.09909032487673,,0.3248123228549957,0.7519818544387817,win,53.861718790953375,2062.1422619499212
9/10/2023,2023,3.0,Indianapolis Colts,Jacksonville Jaguars,under,,41.24284523899843,-112.75679815234878,46.0,0.09502023375249802,0.625,lose,0.0,2020.8994167109229
9/10/2023,2023,3.0,Indianapolis Colts,Jacksonville Jaguars,moneyline,Indianapolis Colts,41.24284523899843,-158.31326203642445,,0.05809319019317627,0.6709663271903992,lose,0.0,1979.6565714719245
9/10/2023,2023,3.0,Los Angeles Chargers,Miami Dolphins,moneyline,Los Angeles Chargers,39.59313142943849,-218.41357485056284,,0.09870296716690063,0.7846460342407227,lose,0.0,1940.063440042486
9/10/2023,2023,3.0,Los Angeles Chargers,Miami Dolphins,under,,39.59313142943849,-112.00070929004079,51.0,0.021696535048799204,0.55,lose,0.0,1900.4703086130476
9/17/2023,2023,4.0,Arizona Cardinals,New York Giants,moneyline,New York Giants,38.00940617226095,234.78553966814184,,0.4130299389362335,0.7117286324501038,win,89.2405894061989,1989.7108980192465
9/17/2023,2023,4.0,Atlanta Falcons,Green Bay Packers,over,,39.794217960384934,-117.73302568070793,40.0,0.08427805250198395,0.625,win,33.80038670568689,2023.5112847249334
9/17/2023,2023,4.0,Cincinnati Bengals,Baltimore Ravens,moneyline,Baltimore Ravens,40.470225694498666,205.15683953052223,,0.42484036087989807,0.7525407075881958,win,83.02743598570281,2106.538720710636
9/17/2023,2023,4.0,Denver Broncos,Washington Commanders,moneyline,Denver Broncos,42.13077441421272,-164.59660463700857,,0.01626831293106079,0.6383345127105713,lose,0.0,2064.4079462964232
9/17/2023,2023,4.0,Houston Texans,Indianapolis Colts,over,,41.288158925928464,-112.33605033580896,39.5,0.020951587551196527,0.55,win,36.754148648189734,2101.162094944613
9/17/2023,2023,4.0,Jacksonville Jaguars,Kansas City Chiefs,moneyline,Kansas City Chiefs,42.02324189889226,177.21277222424,,0.3851718306541443,0.7459055781364441,win,74.47055194752534,2175.632646892138
9/17/2023,2023,4.0,Jacksonville Jaguars,Kansas City Chiefs,under,,42.02324189889226,-114.60824400016662,51.0,0.015965324239465728,0.55,win,36.66685783863085,2212.2995047307686
9/24/2023,2023,5.0,Green Bay Packers,New Orleans Saints,over,,44.24599009461537,-114.49247860817322,42.0,0.016216813982910083,0.55,lose,0.0,2168.053514636153
9/24/2023,2023,5.0,Jacksonville Jaguars,Houston Texans,moneyline,Jacksonville Jaguars,43.36107029272306,-227.05820648260328,,0.07129931449890137,0.7655433416366577,lose,0.0,2124.69244434343
9/24/2023,2023,5.0,Jacksonville Jaguars,Houston Texans,over,,43.36107029272306,-114.1709279647892,43.5,0.016916779743516464,0.55,win,37.979081948160925,2162.671526291591
9/24/2023,2023,5.0,Las Vegas Raiders,Pittsburgh Steelers,moneyline,Pittsburgh Steelers,43.25343052583182,217.0300478013118,,0.4151524603366852,0.7305799722671509,win,93.87294094591999,2256.544467237511
9/24/2023,2023,5.0,Minnesota Vikings,Los Angeles Chargers,moneyline,Minnesota Vikings,45.13088934475022,-152.6323947484944,,0.04509377479553223,0.6492617130279541,lose,0.0,2211.4135778927607
9/24/2023,2023,5.0,Minnesota Vikings,Los Angeles Chargers,under,,45.13088934475022,-111.44451278796586,54.0,0.022937314293319466,0.55,win,40.496286641421435,2251.9098645341824
9/24/2023,2023,5.0,Washington Commanders,Buffalo Bills,moneyline,Buffalo Bills,45.03819729068365,187.83639195962354,,0.3959534466266632,0.7433730363845825,win,84.59812479447709,2336.5079893286593
9/25/2023,2023,6.0,Tampa Bay Buccaneers,Philadelphia Eagles,moneyline,Tampa Bay Buccaneers,46.73015978657319,-228.02326428496514,,0.08621680736541748,0.781360387802124,lose,0.0,2289.7778295420862
10/1/2023,2023,6.0,Carolina Panthers,Minnesota Vikings,moneyline,Carolina Panthers,45.79555659084173,-190.14932262193463,,0.10271698236465454,0.7580668330192566,lose,0.0,2243.9822729512443
10/1/2023,2023,6.0,Carolina Panthers,Minnesota Vikings,under,,45.79555659084173,-112.11358718749447,46.5,0.021445518063897495,0.55,win,40.847463487413876,2284.829736438658
10/1/2023,2023,6.0,Chicago Bears,Denver Broncos,moneyline,Denver Broncos,45.696594728773164,272.36159689229305,,0.46760115027427673,0.7361572980880737,win,124.459975128686,2409.289711567344
10/1/2023,2023,6.0,Cleveland Browns,Baltimore Ravens,moneyline,Baltimore Ravens,48.18579423134688,137.78649387528125,,0.29915350675582886,0.7196988463401794,win,66.3935164173304,2475.6832279846744
10/1/2023,2023,6.0,Indianapolis Colts,Los Angeles Rams,moneyline,Indianapolis Colts,49.51366455969349,-173.4844806033775,,0.01504737138748169,0.6493958830833435,lose,0.0,2426.169563424981
10/1/2023,2023,6.0,New Orleans Saints,Tampa Bay Buccaneers,moneyline,Tampa Bay Buccaneers,48.523391268499616,268.9964711550741,,0.4548720419406891,0.7258773446083069,win,130.52621019703332,2556.6957736220143
10/2/2023,2023,7.0,New York Giants,Seattle Seahawks,moneyline,Seattle Seahawks,51.133915472440286,191.6173670581394,,0.38580888509750366,0.7287240028381348,win,97.98146250202463,2654.6772361240387
10/2/2023,2023,7.0,New York Giants,Seattle Seahawks,under,,51.133915472440286,-113.03949733355805,47.0,0.09439652623864869,0.625,win,45.23544130911502,2699.912677433154
10/8/2023,2023,7.0,Atlanta Falcons,Houston Texans,under,,53.99825354866308,-118.32535077196616,42.0,0.0830320134442234,0.625,win,45.635405427808315,2745.548082860962
10/8/2023,2023,7.0,Buffalo Bills,Jacksonville Jaguars,moneyline,Jacksonville Jaguars,54.91096165721924,273.7913872128845,,0.48460495471954346,0.752133846282959,win,150.34148365323566,2895.8895665141977
10/8/2023,2023,7.0,Los Angeles Rams,Philadelphia Eagles,under,,57.917791330283954,-114.36258736798297,50.5,0.01649931421258788,0.55,win,50.64400225916772,2946.5335687733655
10/8/2023,2023,7.0,New England Patriots,New Orleans Saints,moneyline,New Orleans Saints,58.93067137546731,260.3124812944128,,0.45731550455093384,0.7348523736000061,win,153.40389290093523,3099.9374616743007
10/15/2023,2023,8.0,Chicago Bears,Minnesota Vikings,moneyline,Minnesota Vikings,61.998749233486016,239.251766251351,,0.4347093999385834,0.729475736618042,win,148.33310259486123,3248.270564269162
10/15/2023,2023,8.0,Chicago Bears,Minnesota Vikings,under,,61.998749233486016,-114.84312662008367,44.5,0.09045589599817316,0.625,win,53.98559849261691,3302.2561627617793
10/15/2023,2023,8.0,Cleveland Browns,San Francisco 49ers,over,,66.04512325523558,-113.13298467830205,36.0,0.019190633026312964,0.55,lose,0.0,3236.211039506544
10/15/2023,2023,8.0,Tampa Bay Buccaneers,Detroit Lions,moneyline,Tampa Bay Buccaneers,64.72422079013087,-186.85370733311532,,0.11149954795837402,0.7628898024559021,lose,0.0,3171.486818716413
10/16/2023,2023,9.0,Los Angeles Chargers,Dallas Cowboys,under,,63.42973637432826,-113.03652857955817,50.0,0.09440306747748728,0.625,win,56.114370435292244,3227.601189151705
10/19/2023,2023,9.0,New Orleans Saints,Jacksonville Jaguars,moneyline,New Orleans Saints,64.5520237830341,-174.61173156957005,,0.031004011631011963,0.6668534874916077,lose,0.0,3163.049165368671
10/22/2023,2023,9.0,Indianapolis Colts,Cleveland Browns,moneyline,Indianapolis Colts,63.260983307373415,-175.1779342734067,,0.02859950065612793,0.6651982665061951,lose,0.0,3099.7881820612974
10/22/2023,2023,9.0,Kansas City Chiefs,Los Angeles Chargers,under,,61.99576364122595,-111.80172463402636,48.5,0.02213968711912373,0.55,win,55.45152710672748,3155.239709168025
10/22/2023,2023,9.0,New York Giants,Washington Commanders,over,,63.104794183360504,-110.1046392110223,37.0,0.025953317240002716,0.55,lose,0.0,3092.1349149846646
10/22/2023,2023,9.0,Philadelphia Eagles,Miami Dolphins,under,,61.842698299693296,-113.62903401608644,52.0,0.018101166400770863,0.55,win,54.42508495754548,3146.55999994221
10/22/2023,2023,9.0,Tampa Bay Buccaneers,Atlanta Falcons,moneyline,Atlanta Falcons,62.93119999884421,279.14874680535786,,0.4421825706958771,0.7059313058853149,win,175.67165614634698,3322.231656088557
10/29/2023,2023,10.0,Dallas Cowboys,Los Angeles Rams,under,,66.44463312177115,-110.61650806071833,45.5,0.09979659083119519,0.625,lose,0.0,3255.787022966786
10/29/2023,2023,10.0,Green Bay Packers,Minnesota Vikings,moneyline,Green Bay Packers,65.11574045933573,-182.89079365781134,,0.03546673059463501,0.6819734573364258,lose,0.0,3190.67128250745
10/29/2023,2023,10.0,Indianapolis Colts,New Orleans Saints,moneyline,New Orleans Saints,63.813425650149,176.70712990812243,,0.3469929099082947,0.7083858251571655,win,112.76287296243191,3303.434155469882
10/29/2023,2023,10.0,New York Giants,New York Jets,moneyline,New York Giants,66.06868310939764,-245.73681033132522,,0.03835129737854004,0.749113917350769,lose,0.0,3237.3654723604845
10/29/2023,2023,10.0,New York Giants,New York Jets,over,,66.06868310939764,-110.8658530915207,34.5,0.024235152509959335,0.55,lose,0.0,3171.296789251087
10/29/2023,2023,10.0,Pittsburgh Steelers,Jacksonville Jaguars,moneyline,Pittsburgh Steelers,63.42593578502174,-189.7268751969263,,0.11228114366531372,0.7671284675598145,lose,0.0,3107.870853466065
10/29/2023,2023,10.0,San Francisco 49ers,Cincinnati Bengals,moneyline,Cincinnati Bengals,62.157417069321305,148.14812935754895,,0.3066061735153198,0.709591269493103,win,92.08505064516935,3199.9559041112343
10/29/2023,2023,11.0,Tennessee Titans,Atlanta Falcons,over,,63.99911808222469,-113.19582774186217,35.5,0.019052331179201798,0.55,win,56.53840725311157,3256.494311364346
10/29/2023,2023,11.0,Washington Commanders,Philadelphia Eagles,moneyline,Philadelphia Eagles,65.12988622728692,292.01898291553744,,0.34523719549179077,0.6003268957138062,win,190.19163133496994,3446.6859426993155
11/5/2023,2023,11.0,Atlanta Falcons,Minnesota Vikings,moneyline,Atlanta Falcons,68.9337188539863,-163.0327862341308,,0.15330880880355835,0.773128092288971,lose,0.0,3377.7522238453294
11/5/2023,2023,11.0,Atlanta Falcons,Minnesota Vikings,over,,68.9337188539863,-112.34364878946985,39.0,0.020934735133735782,0.55,win,61.35969375818206,3439.1119176035113
11/5/2023,2023,11.0,Carolina Panthers,Indianapolis Colts,moneyline,Carolina Panthers,68.78223835207022,-153.2474089259493,,0.08809798955917358,0.693227231502533,lose,0.0,3370.329679251441
11/5/2023,2023,11.0,Cincinnati Bengals,Buffalo Bills,under,,67.40659358502883,-114.2201250805,51.0,0.016809549114126576,0.55,win,59.01463821504489,3429.344317466486
11/5/2023,2023,11.0,New England Patriots,Washington Commanders,moneyline,New England Patriots,68.58688634932972,-168.05102451158743,,0.03508460521697998,0.662021279335022,lose,0.0,3360.757431117156
11/5/2023,2023,12.0,New Orleans Saints,Chicago Bears,over,,67.21514862234312,-117.37733038397703,42.0,0.08502957080832307,0.625,lose,0.0,3293.5422824948128
11/5/2023,2023,12.0,Philadelphia Eagles,Dallas Cowboys,over,,65.87084564989625,-119.02220684162707,46.5,0.08157470738713302,0.625,win,55.34332407190627,3348.885606566719
11/6/2023,2023,12.0,New York Jets,Los Angeles Chargers,moneyline,Los Angeles Chargers,66.97771213133439,161.77074530854904,,0.3481427729129791,0.730156421661377,win,108.35034410547411,3457.235950672193
11/12/2023,2023,12.0,Baltimore Ravens,Cleveland Browns,moneyline,Cleveland Browns,69.14471901344386,160.29287636695366,,0.3294336199760437,0.7136162519454956,win,110.83405896249707,3568.0700096346905
11/12/2023,2023,12.0,Baltimore Ravens,Cleveland Browns,over,,69.14471901344386,-112.67953252601686,38.0,0.020190990229711492,0.55,win,61.36404497194632,3629.434054606637
11/12/2023,2023,12.0,Cincinnati Bengals,Houston Texans,moneyline,Houston Texans,72.58868109213275,195.47310587988372,,0.39822831749916077,0.736668586730957,win,141.89134944803578,3771.3254040546726
11/12/2023,2023,12.0,Jacksonville Jaguars,San Francisco 49ers,under,,75.42650808109346,-113.24223817468463,44.5,0.09395024576735878,0.625,win,66.6063381445556,3837.931742199228
11/13/2023,2023,13.0,Buffalo Bills,Denver Broncos,moneyline,Buffalo Bills,76.75863484398457,-189.83049754194633,,0.041740238666534424,0.696711003780365,lose,0.0,3761.1731073552437
11/16/2023,2023,13.0,Baltimore Ravens,Cincinnati Bengals,under,,75.22346214710488,-119.03624977245228,46.5,0.0815454353052788,0.625,lose,0.0,3685.949645208139
11/19/2023,2023,13.0,Detroit Lions,Chicago Bears,under,,73.71899290416277,-118.24738568456884,48.0,0.08319563742462954,0.625,lose,0.0,3612.230652303976
11/19/2023,2023,13.0,Jacksonville Jaguars,Tennessee Titans,over,,72.24461304607952,-110.95889889496254,40.0,0.024025985743272638,0.55,win,65.10934568165526,3677.3399979856313
11/19/2023,2023,13.0,Los Angeles Rams,Seattle Seahawks,over,,73.54679995971263,-115.46767941106778,46.0,0.08910672947946252,0.625,lose,0.0,3603.7931980259186
11/19/2023,2023,13.0,Miami Dolphins,Las Vegas Raiders,under,,72.07586396051838,-110.99377362618415,44.5,0.09894763495329084,0.625,win,64.9368533078825,3668.730051333801
11/19/2023,2023,14.0,Washington Commanders,New York Giants,moneyline,Washington Commanders,73.37460102667602,-165.87539298387367,,0.07141536474227905,0.6952993273735046,lose,0.0,3595.355450307125
11/23/2023,2023,14.0,Dallas Cowboys,Washington Commanders,under,,71.9071090061425,-112.40006405294095,48.0,0.020809650862793072,0.55,lose,0.0,3523.4483413009825
11/23/2023,2023,14.0,Detroit Lions,Green Bay Packers,moneyline,Detroit Lions,70.46896682601965,-176.4460416228892,,0.0701635479927063,0.7084292769432068,lose,0.0,3452.9793744749627
11/23/2023,2023,14.0,Seattle Seahawks,San Francisco 49ers,moneyline,Seattle Seahawks,69.05958748949925,-218.65669072330275,,0.024457037448883057,0.7106396555900574,lose,0.0,3383.9197869854634
11/24/2023,2023,14.0,New York Jets,Miami Dolphins,moneyline,Miami Dolphins,67.67839573970927,134.3123355060729,,0.30420899391174316,0.7309897541999817,win,90.90043395104607,3474.8202209365095
11/26/2023,2023,14.0,Arizona Cardinals,Los Angeles Rams,moneyline,Arizona Cardinals,69.4964044187302,-211.40743647544187,,0.03824549913406372,0.7171227931976318,lose,0.0,3405.3238165177795
11/26/2023,2023,14.0,Cincinnati Bengals,Pittsburgh Steelers,over,,68.10647633035559,-117.1204136657147,37.0,0.0855739198432216,0.625,lose,0.0,3337.217340187424
11/26/2023,2023,15.0,Tennessee Titans,Carolina Panthers,over,,66.74434680374847,-119.99904165462442,35.5,0.07954743460650882,0.625,lose,0.0,3270.472993383675
11/30/2023,2023,15.0,Dallas Cowboys,Seattle Seahawks,under,,65.4094598676735,-110.09657333937984,47.5,0.025971589686352714,0.55,lose,0.0,3205.063533516002
12/3/2023,2023,15.0,Green Bay Packers,Kansas City Chiefs,under,,64.10127067032003,-111.20021094947202,44.0,0.09848437556212575,0.625,lose,0.0,3140.962262845682
12/3/2023,2023,15.0,New England Patriots,Los Angeles Chargers,over,,62.81924525691364,-118.63137131541885,39.0,0.08239090139873062,0.625,lose,0.0,3078.143017588768
12/3/2023,2023,15.0,New England Patriots,Los Angeles Chargers,moneyline,New England Patriots,62.81924525691364,-201.96739867040566,,0.019184529781341553,0.6880229711532593,lose,0.0,3015.3237723318543
12/3/2023,2023,15.0,New York Jets,Atlanta Falcons,over,,60.30647544663709,-114.86130117585957,33.0,0.01541652430072582,0.55,lose,0.0,2955.017296885217
12/3/2023,2023,15.0,Philadelphia Eagles,San Francisco 49ers,moneyline,San Francisco 49ers,59.10034593770434,180.32770765861454,,0.39454248547554016,0.7512678503990173,win,106.57429904777337,3061.5915959329905
12/7/2023,2023,16.0,Pittsburgh Steelers,New England Patriots,over,,61.23183191865981,-112.59338766642576,30.5,0.020381516084155837,0.55,win,54.38315090053778,3115.974746833528
12/10/2023,2023,16.0,Atlanta Falcons,Tampa Bay Buccaneers,moneyline,Tampa Bay Buccaneers,62.319494936670566,151.39073010813067,,0.34558385610580444,0.7433710098266602,win,94.3459383843251,3210.320685217853
12/10/2023,2023,16.0,Cleveland Browns,Jacksonville Jaguars,over,,64.20641370435706,-110.16695568233995,37.5,0.025812192622452712,0.55,win,58.281009315980874,3268.6016945338342
12/10/2023,2023,16.0,Dallas Cowboys,Philadelphia Eagles,under,,65.37203389067669,-113.67848428773128,52.5,0.017992836683284552,0.55,win,57.50607452261039,3326.107769056445
12/10/2023,2023,16.0,Kansas City Chiefs,Buffalo Bills,moneyline,Buffalo Bills,66.5221553811289,244.0253527364163,,0.40741583704948425,0.6980921030044556,win,162.3309243166667,3488.4386933731116
12/10/2023,2023,16.0,Kansas City Chiefs,Buffalo Bills,under,,66.5221553811289,-111.89772196553898,49.5,0.02192579076552348,0.55,win,59.44907028725362,3547.887763660365
12/10/2023,2023,16.0,Las Vegas Raiders,Minnesota Vikings,moneyline,Las Vegas Raiders,70.95775527320731,-168.9731287584644,,0.03241884708404541,0.6606345176696777,lose,0.0,3476.930008387158
12/17/2023,2023,17.0,Arizona Cardinals,San Francisco 49ers,moneyline,Arizona Cardinals,69.53860016774317,-158.61692894105374,,0.04532301425933838,0.6586506962776184,lose,0.0,3407.391408219415
12/17/2023,2023,17.0,Buffalo Bills,Dallas Cowboys,under,,68.1478281643883,-117.66375824038748,49.0,0.08442420919499227,0.625,win,57.91743284721711,3465.3088410666323
12/17/2023,2023,17.0,Carolina Panthers,Atlanta Falcons,over,,69.30617682133264,-116.76598616346972,32.0,0.08632699031750768,0.625,lose,0.0,3396.0026642453
12/17/2023,2023,17.0,Jacksonville Jaguars,Baltimore Ravens,moneyline,Baltimore Ravens,67.920053284906,271.43777418318507,,0.4651241898536682,0.7343482971191406,win,184.36068086058214,3580.363345105882
12/17/2023,2023,17.0,Miami Dolphins,New York Jets,over,,71.60726690211764,-114.32317464182783,35.5,0.01658510059454754,0.55,lose,0.0,3508.7560782037644
12/17/2023,2023,17.0,New Orleans Saints,New York Giants,over,,70.1751215640753,-113.25233976653065,39.5,0.018928031971327197,0.55,lose,0.0,3438.5809566396892
12/17/2023,2023,17.0,Tennessee Titans,Houston Texans,moneyline,Tennessee Titans,68.77161913279379,-191.6329648023825,,0.03844320774078369,0.6955464482307434,lose,0.0,3369.8093375068956
12/23/2023,2023,18.0,Los Angeles Chargers,Buffalo Bills,moneyline,Buffalo Bills,67.39618675013791,280.54894069013636,,0.43643438816070557,0.6992126703262329,win,189.07928799305796,3558.8886254999534
12/23/2023,2023,18.0,Los Angeles Chargers,Buffalo Bills,under,,67.39618675013791,-113.44658583304935,44.5,0.09350128621038989,0.625,lose,0.0,3491.4924387498154
12/24/2023,2023,18.0,Carolina Panthers,Green Bay Packers,moneyline,Carolina Panthers,69.82984877499631,-165.26642270001074,,0.05374079942703247,0.6767613291740417,lose,0.0,3421.662589974819
12/24/2023,2023,18.0,Chicago Bears,Arizona Cardinals,under,,68.43325179949639,-116.87286429830843,42.0,0.08609964159670103,0.625,lose,0.0,3353.229338175323
12/24/2023,2023,18.0,Denver Broncos,New England Patriots,moneyline,New England Patriots,67.06458676350645,229.70623320916226,,0.41904446482658386,0.7223447561264038,win,154.0515360717411,3507.2808742470643
12/24/2023,2023,18.0,Minnesota Vikings,Detroit Lions,moneyline,Detroit Lions,70.14561748494128,168.8004994783728,,0.3423525094985962,0.7143756151199341,win,118.4061526767697,3625.687026923834
12/24/2023,2023,18.0,New York Jets,Washington Commanders,over,,72.51374053847668,-110.68277421148667,37.0,0.024647252839087974,0.55,win,65.5149286373337,3691.201955561168
12/30/2023,2023,19.0,Dallas Cowboys,Detroit Lions,under,,73.82403911122336,-116.03444212353878,53.0,0.08788915330831937,0.625,win,63.622522554660854,3754.8244781158287
12/31/2023,2023,19.0,Buffalo Bills,New England Patriots,over,,75.09648956231658,-115.93105828110698,40.0,0.08811077617105145,0.625,win,64.77685158383039,3819.601329699659
12/31/2023,2023,19.0,Denver Broncos,Los Angeles Chargers,over,,76.39202659399318,-114.50316012316965,39.0,0.016193597999111575,0.55,lose,0.0,3743.2093031056656
12/31/2023,2023,20.0,Jacksonville Jaguars,Carolina Panthers,over,,74.86418606211332,-111.47344037069999,37.5,0.02287262090551956,0.55,lose,0.0,3668.3451170435524
12/31/2023,2023,21.0,Minnesota Vikings,Green Bay Packers,over,,73.36690234087105,-113.67878658004652,42.5,0.09299217461176867,0.625,win,64.53878031958935,3732.883897363142
12/31/2023,2023,21.0,New York Giants,Los Angeles Rams,moneyline,New York Giants,74.65767794726284,-175.78555303645743,,0.027798831462860107,0.6651982665061951,lose,0.0,3658.226219415879
12/31/2023,2023,22.0,Philadelphia Eagles,Arizona Cardinals,moneyline,Arizona Cardinals,73.16452438831757,275.1783431773782,,0.4400956928730011,0.706635594367981,win,201.33292600538113,3859.55914542126
12/31/2023,2023,1.0,Washington Commanders,San Francisco 49ers,moneyline,San Francisco 49ers,77.1911829084252,250.95462746831177,,0.44098660349845886,0.7259237170219421,win,193.71484550622162,4053.2739909274815
1/6/2024,2023,1.0,Baltimore Ravens,Pittsburgh Steelers,moneyline,Baltimore Ravens,81.06547981854963,-169.83936335735888,,0.14967787265777588,0.7790870070457458,lose,0.0,3972.208511108932
1/7/2024,2023,1.0,Arizona Cardinals,Seattle Seahawks,under,,79.44417022217864,-112.13006428689843,48.0,0.02140889876294727,0.55,win,70.85001754650837,4043.05852865544
1/7/2024,2023,1.0,Carolina Panthers,Tampa Bay Buccaneers,over,,80.86117057310881,-113.14362915070885,36.5,0.019167201470949746,0.55,lose,0.0,3962.1973580823314
1/7/2024,2023,1.0,Cincinnati Bengals,Cleveland Browns,over,,79.24394716164663,-116.27914617354556,37.0,0.08736542805545633,0.625,win,68.1497497783272,4030.3471078606585
1/7/2024,2023,1.0,Los Angeles Chargers,Kansas City Chiefs,moneyline,Los Angeles Chargers,80.60694215721317,-164.661928781963,,0.11940550804138184,0.7415649890899658,lose,0.0,3949.740165703445
1/7/2024,2023,1.0,Miami Dolphins,Buffalo Bills,moneyline,Miami Dolphins,78.9948033140689,-165.11712992422514,,0.04923433065414429,0.6720425486564636,lose,0.0,3870.745362389376
1/7/2024,2023,2.0,San Francisco 49ers,Los Angeles Rams,moneyline,San Francisco 49ers,77.41490724778753,-164.08491031715502,,0.030295252799987793,0.6516291499137878,lose,0.0,3793.3304551415886
1/7/2024,2023,2.0,San Francisco 49ers,Los Angeles Rams,over,,77.41490724778753,-114.6643232726533,40.0,0.01584359466657259,0.55,win,67.51438026953451,3860.8448354111233
1/7/2024,2023,2.0,Washington Commanders,Dallas Cowboys,moneyline,Dallas Cowboys,77.21689670822246,254.6150177431101,,0.4538193345069885,0.7358152866363525,win,196.60581525431962,4057.450650665443
1/14/2024,2023,2.0,Dallas Cowboys,Green Bay Packers,under,,81.14901301330886,-111.40355340882677,52.5,0.023028945765226183,0.55,lose,0.0,3976.301637652134
1/15/2024,2023,2.0,Buffalo Bills,Pittsburgh Steelers,over,,79.52603275304268,-112.59279578175632,33.0,0.02038282568454519,0.55,win,70.63154636215941,4046.9331840142936
9/5/2024,2024,3.0,Kansas City Chiefs,Baltimore Ravens,under,,80.93866368028587,-114.91810099935051,47.0,0.015293521276284694,0.55,lose,0.0,3965.9945203340076
9/8/2024,2024,3.0,Atlanta Falcons,Pittsburgh Steelers,moneyline,Atlanta Falcons,79.31989040668016,-219.5527766193675,,0.017240583896636963,0.7043032050132751,lose,0.0,3886.6746299273273
9/8/2024,2024,3.0,Buffalo Bills,Arizona Cardinals,under,,77.73349259854655,-111.14452858416229,46.5,0.09860924135971616,0.625,lose,0.0,3808.9411373287808
9/8/2024,2024,3.0,Cincinnati Bengals,New England Patriots,moneyline,Cincinnati Bengals,76.17882274657562,-192.2851781813052,,0.06582796573638916,0.7236963510513306,lose,0.0,3732.7623145822054
9/8/2024,2024,3.0,Los Angeles Chargers,Las Vegas Raiders,over,,74.6552462916441,-112.00514501415907,40.0,0.021686665874648292,0.55,lose,0.0,3658.107068290561
9/8/2024,2024,3.0,New York Giants,Minnesota Vikings,moneyline,Minnesota Vikings,73.16214136581122,194.83040925686913,,0.3749392628669739,0.7141172885894775,win,142.54209944409916,3800.6491677346603
9/12/2024,2024,4.0,Miami Dolphins,Buffalo Bills,moneyline,Buffalo Bills,76.0129833546932,289.4308935042327,,0.47759073972702026,0.7343757152557373,win,220.0050569027122,4020.6542246373724
9/15/2024,2024,4.0,Carolina Panthers,Los Angeles Chargers,moneyline,Los Angeles Chargers,80.41308449274744,144.77563105631063,,0.32810306549072266,0.736640453338623,win,116.41855052621938,4137.072775163591
9/15/2024,2024,4.0,Dallas Cowboys,New Orleans Saints,moneyline,New Orleans Saints,82.74145550327182,190.78685331536263,,0.397831529378891,0.7417260408401489,win,157.85981934202326,4294.932594505614
9/15/2024,2024,4.0,Dallas Cowboys,New Orleans Saints,under,,82.74145550327182,-111.85698455712435,47.0,0.02201653610356369,0.55,lose,0.0,4212.191139002342
9/15/2024,2024,4.0,Denver Broncos,Pittsburgh Steelers,over,,84.24382278004686,-112.98555244906197,36.5,0.09451541477873804,0.625,lose,0.0,4127.947316222296
9/15/2024,2024,4.0,Jacksonville Jaguars,Cleveland Browns,moneyline,Cleveland Browns,82.55894632444591,287.6087057082437,,0.5008410215377808,0.7588331699371338,win,237.44671697010253,4365.394033192399
9/15/2024,2024,4.0,Kansas City Chiefs,Cincinnati Bengals,under,,87.30788066384797,-114.27991244720825,47.5,0.09167930212374342,0.625,lose,0.0,4278.086152528551
9/19/2024,2024,5.0,New York Jets,New England Patriots,over,,85.56172305057102,-113.17285247049587,39.0,0.01910288454220721,0.55,lose,0.0,4192.5244294779795
9/22/2024,2024,5.0,Arizona Cardinals,Detroit Lions,under,,83.85048858955959,-114.95741463524936,51.5,0.015208423583271458,0.55,win,72.94047874650839,4265.464908224488
9/22/2024,2024,5.0,Atlanta Falcons,Kansas City Chiefs,moneyline,Atlanta Falcons,85.30929816448976,-198.71089433876648,,0.05336993932723999,0.7185980677604675,lose,0.0,4180.155610059998
9/22/2024,2024,5.0,Las Vegas Raiders,Carolina Panthers,moneyline,Las Vegas Raiders,83.60311220119996,-243.7464533494471,,0.01859736442565918,0.727685272693634,lose,0.0,4096.552497858798
9/22/2024,2024,5.0,Los Angeles Rams,San Francisco 49ers,under,,81.93104995717597,-112.30804297443628,44.5,0.09601371478442222,0.625,lose,0.0,4014.621447901622
9/22/2024,2024,5.0,New Orleans Saints,Philadelphia Eagles,moneyline,New Orleans Saints,80.29242895803245,-223.25245747325084,,0.08101171255111694,0.7716559767723083,lose,0.0,3934.3290189435897
9/22/2024,2024,5.0,Pittsburgh Steelers,Los Angeles Chargers,over,,78.6865803788718,-114.73836902797132,35.5,0.015682963192172883,0.55,lose,0.0,3855.642438564718
9/23/2024,2024,6.0,Cincinnati Bengals,Washington Commanders,moneyline,Washington Commanders,77.11284877129435,166.901550694084,,0.36495116353034973,0.7396211624145508,win,128.70254038367418,3984.344978948392
9/23/2024,2024,6.0,Cincinnati Bengals,Washington Commanders,under,,77.11284877129435,-111.6199256775317,46.0,0.09754529402104073,0.625,lose,0.0,3907.2321301770976
9/26/2024,2024,6.0,New York Giants,Dallas Cowboys,moneyline,Dallas Cowboys,78.14464260354195,209.7571860579878,,0.3733516037464142,0.6961851119995117,win,163.91400338026108,4071.1461335573586
9/26/2024,2024,6.0,New York Giants,Dallas Cowboys,under,,78.14464260354195,-115.13261529559146,44.5,0.08982956506897077,0.625,win,67.87359290233563,4139.0197264596945
9/29/2024,2024,6.0,Arizona Cardinals,Washington Commanders,moneyline,Washington Commanders,82.7803945291939,219.45294530080974,,0.39904293417930603,0.7120780944824219,win,181.6640139259464,4320.683740385641
9/29/2024,2024,6.0,Carolina Panthers,Cincinnati Bengals,moneyline,Carolina Panthers,86.41367480771281,-210.3478856225262,,0.05752032995223999,0.7353012561798096,lose,0.0,4234.270065577928
9/29/2024,2024,6.0,Green Bay Packers,Minnesota Vikings,moneyline,Minnesota Vikings,84.68540131155856,268.8268291262105,,0.45496228337287903,0.7260922193527222,win,227.65707907866917,4461.927144656597
9/29/2024,2024,7.0,Tampa Bay Buccaneers,Philadelphia Eagles,over,,89.23854289313195,-110.50154579686281,42.5,0.10005589387215963,0.625,win,80.75773261776892,4542.684877274366
9/30/2024,2024,7.0,Miami Dolphins,Tennessee Titans,over,,90.85369754548732,-112.21103436653065,38.0,0.02122903056624348,0.55,win,80.96681227330917,4623.651689547675
10/6/2024,2024,7.0,Denver Broncos,Las Vegas Raiders,over,,92.47303379095351,-119.76772440598168,36.0,0.08002587001932926,0.625,win,77.2103120849936,4700.862001632669
10/6/2024,2024,7.0,Houston Texans,Buffalo Bills,under,,94.01724003265338,-113.73651118025526,47.5,0.017865782255913842,0.55,win,82.66232105858266,4783.524322691252
10/6/2024,2024,7.0,Los Angeles Rams,Green Bay Packers,moneyline,Los Angeles Rams,95.67048645382503,-168.0657614438764,,0.032750070095062256,0.6597073078155518,lose,0.0,4687.853836237427
10/6/2024,2024,7.0,New England Patriots,Miami Dolphins,moneyline,Miami Dolphins,93.75707672474853,124.01414004284423,,0.2864556312561035,0.732856035232544,win,116.27203242950655,4804.1258686669335
10/6/2024,2024,7.0,Pittsburgh Steelers,Dallas Cowboys,moneyline,Dallas Cowboys,96.08251737333867,136.18258435085406,,0.3016932010650635,0.7250944375991821,win,130.84765526837094,4934.973523935304
10/6/2024,2024,8.0,Seattle Seahawks,New York Giants,moneyline,New York Giants,98.69947047870608,152.11706730277896,,0.32934242486953735,0.7259835600852966,win,150.13873993557976,5085.112263870884
10/10/2024,2024,8.0,Seattle Seahawks,San Francisco 49ers,moneyline,San Francisco 49ers,101.70224527741767,250.128360530662,,0.421073317527771,0.7066828608512878,win,254.38615873527743,5339.4984226061615
10/13/2024,2024,8.0,Dallas Cowboys,Detroit Lions,moneyline,Detroit Lions,106.78996845212323,293.7969234797518,,0.4784800708293915,0.7324180603027344,win,313.7456418973356,5653.244064503497
10/13/2024,2024,8.0,Dallas Cowboys,Detroit Lions,under,,106.78996845212323,-113.59182848378113,53.5,0.018182704880928546,0.55,lose,0.0,5546.454096051373
10/13/2024,2024,8.0,Las Vegas Raiders,Pittsburgh Steelers,over,,110.92908192102746,-114.18184954238032,36.5,0.016892970686635755,0.55,win,97.15123933060346,5643.605335381977
10/13/2024,2024,8.0,New England Patriots,Houston Texans,moneyline,Houston Texans,112.87210670763955,143.7809462868909,,0.3198908269405365,0.7300951480865479,win,162.28858311819337,5805.89391850017
10/13/2024,2024,8.0,New England Patriots,Houston Texans,over,,112.87210670763955,-110.61115258592255,38.0,0.02480866408156257,0.55,win,102.04405619945122,5907.937974699621
10/17/2024,2024,9.0,New Orleans Saints,Denver Broncos,moneyline,Denver Broncos,118.15875949399242,295.6472346483414,,0.4669785499572754,0.719728946685791,win,349.33310493877315,6257.271079638394
10/20/2024,2024,9.0,Atlanta Falcons,Seattle Seahawks,moneyline,Atlanta Falcons,125.14542159276789,-152.06214110409104,,0.15451902151107788,0.7577914595603943,lose,0.0,6132.125658045627
10/20/2024,2024,9.0,Buffalo Bills,Tennessee Titans,over,,122.64251316091253,-111.14993231807912,41.0,0.023597120785995074,0.55,win,110.33971015829766,6242.465368203924
10/20/2024,2024,9.0,Cleveland Browns,Cincinnati Bengals,moneyline,Cincinnati Bengals,124.84930736407848,140.01015424812724,,0.2928479313850403,0.7094969749450684,win,174.80170781816477,6417.267076022089
10/20/2024,2024,9.0,Cleveland Browns,Cincinnati Bengals,over,,124.84930736407848,-110.7530442767534,41.5,0.024488994183559987,0.55,lose,0.0,6292.417768658011
10/20/2024,2024,9.0,Jacksonville Jaguars,New England Patriots,over,,125.84835537316022,-111.47248354850683,42.5,0.02287476045110315,0.55,win,112.89634120190547,6405.314109859916
10/20/2024,2024,9.0,Minnesota Vikings,Detroit Lions,moneyline,Minnesota Vikings,128.10628219719834,-169.97220001577233,,0.043788135051727295,0.6733796000480652,lose,0.0,6277.207827662718
10/27/2024,2024,10.0,Cincinnati Bengals,Philadelphia Eagles,moneyline,Philadelphia Eagles,125.54415655325437,181.32800898405637,,0.3964659869670868,0.7519229650497437,win,227.64671947384286,6504.8545471365605
10/27/2024,2024,10.0,Denver Broncos,Carolina Panthers,over,,130.0970909427312,-112.76402731350234,40.5,0.020004263703152114,0.55,win,115.37109310670515,6620.225640243266
10/27/2024,2024,10.0,Jacksonville Jaguars,Green Bay Packers,moneyline,Green Bay Packers,132.4045128048653,264.2074744391514,,0.4618166983127594,0.7363854646682739,win,349.8226193251974,6970.048259568463
10/27/2024,2024,10.0,Las Vegas Raiders,Kansas City Chiefs,moneyline,Kansas City Chiefs,139.40096519136927,141.24256568685564,,0.2959829270839691,0.7105034589767456,win,196.8934998285305,7166.941759396994
10/27/2024,2024,10.0,Miami Dolphins,Arizona Cardinals,moneyline,Arizona Cardinals,143.33883518793988,264.4560482400203,,0.4476572275161743,0.722038745880127,win,379.0682191313015,7546.0099785282955
10/27/2024,2024,10.0,Seattle Seahawks,Buffalo Bills,over,,150.92019957056593,-110.69612129049885,45.0,0.09961718510766626,0.625,lose,0.0,7395.089778957729
10/27/2024,2024,10.0,Seattle Seahawks,Buffalo Bills,moneyline,Seattle Seahawks,150.92019957056593,-192.74767051727213,,0.023022353649139404,0.681431233882904,lose,0.0,7244.169579387163
10/28/2024,2024,11.0,Pittsburgh Steelers,New York Giants,over,,144.88339158774326,-111.16264084184297,37.5,0.023568618015618603,0.55,win,130.33460746392,7374.504186851083
11/3/2024,2024,11.0,Atlanta Falcons,Dallas Cowboys,under,,147.49008373702168,-113.15464638238859,52.0,0.019142951829467014,0.55,win,130.34381570033085,7504.8480025514145
11/3/2024,2024,11.0,Cleveland Browns,Los Angeles Chargers,moneyline,Cleveland Browns,150.0969600510283,-240.55134412274086,,0.07000643014907837,0.7763649225234985,lose,0.0,7354.751042500387
11/3/2024,2024,11.0,Cleveland Browns,Los Angeles Chargers,over,,150.0969600510283,-112.0895797661346,42.5,0.021498883209006614,0.55,lose,0.0,7204.654082449359
11/3/2024,2024,11.0,Green Bay Packers,Detroit Lions,moneyline,Detroit Lions,144.09308164898718,136.60952983982122,,0.32072457671165466,0.7433618307113647,win,196.8448813723911,7401.498963821749
11/3/2024,2024,11.0,Green Bay Packers,Detroit Lions,under,,144.09308164898718,-112.71991540067063,48.5,0.02010172889380879,0.55,win,127.83285113087469,7529.331814952624
11/3/2024,2024,11.0,New York Giants,Washington Commanders,moneyline,Washington Commanders,150.5866362990525,296.7076759194613,,0.4542631506919861,0.7063379287719727,win,446.8021088082105,7976.1339237608345
11/3/2024,2024,12.0,Philadelphia Eagles,Jacksonville Jaguars,under,,159.52267847521668,-110.23946636742866,46.0,0.10064808704961825,0.625,lose,0.0,7816.611245285618
11/3/2024,2024,12.0,Seattle Seahawks,Los Angeles Rams,moneyline,Seattle Seahawks,156.33222490571237,-163.65289326858647,,0.037879347801208496,0.6585927605628967,lose,0.0,7660.279020379905
11/10/2024,2024,12.0,Chicago Bears,New England Patriots,moneyline,New England Patriots,153.2055804075981,228.12841435162252,,0.43229979276657104,0.7370585203170776,win,349.5054612820536,8009.784481661958
11/10/2024,2024,12.0,Dallas Cowboys,Philadelphia Eagles,moneyline,Philadelphia Eagles,160.19568963323917,145.21800824992954,,0.32921698689460754,0.7370173931121826,win,232.6329897876288,8242.417471449588
11/10/2024,2024,12.0,Houston Texans,Detroit Lions,moneyline,Detroit Lions,164.84834942899175,126.98948029746774,,0.30516061186790466,0.7457096576690674,win,209.34006221883024,8451.757533668419
11/10/2024,2024,12.0,Indianapolis Colts,Buffalo Bills,moneyline,Buffalo Bills,169.03515067336838,214.4648542675765,,0.4492577314376831,0.7672582864761353,win,362.52098955261783,8814.278523221037
11/10/2024,2024,12.0,Jacksonville Jaguars,Minnesota Vikings,moneyline,Jacksonville Jaguars,176.28557046442074,-233.3291746162728,,0.03047555685043335,0.7304717898368835,lose,0.0,8637.992952756616
11/10/2024,2024,13.0,Los Angeles Chargers,Tennessee Titans,over,,172.75985905513232,-111.59368183578107,40.0,0.09760390354004289,0.625,win,154.81150564542008,8792.804458402037
11/10/2024,2024,13.0,Washington Commanders,Pittsburgh Steelers,moneyline,Washington Commanders,175.85608916804074,-233.6812758355564,,0.07460778951644897,0.7749205827713013,lose,0.0,8616.948369233996
11/11/2024,2024,13.0,Los Angeles Rams,Miami Dolphins,moneyline,Miami Dolphins,172.33896738467993,274.21863925587076,,0.4546385109424591,0.7218619585037231,win,472.58557126988825,9089.533940503885
11/17/2024,2024,13.0,Chicago Bears,Green Bay Packers,moneyline,Green Bay Packers,181.7906788100777,222.11096024148696,,0.4273242652416229,0.7377762794494629,win,403.777022334581,9493.310962838466
11/17/2024,2024,13.0,New England Patriots,Los Angeles Rams,moneyline,New England Patriots,189.86621925676934,-160.79534249784138,,0.05045509338378906,0.6670126914978027,lose,0.0,9303.444743581696
11/17/2024,2024,13.0,New Orleans Saints,Cleveland Browns,over,,186.06889487163394,-114.51574404284972,44.0,0.09116625015656155,0.625,win,162.48324317921765,9465.927986760915
11/17/2024,2024,13.0,New York Jets,Indianapolis Colts,over,,189.3185597352183,-118.69726593477462,43.0,0.08225308715027335,0.625,win,159.49698440337355,9625.424971164288
11/17/2024,2024,14.0,San Francisco 49ers,Seattle Seahawks,over,,192.50849942328577,-116.37021702865702,49.0,0.08717081709889651,0.625,lose,0.0,9432.916471741002
11/17/2024,2024,14.0,San Francisco 49ers,Seattle Seahawks,moneyline,San Francisco 49ers,192.50849942328577,-165.2681881853017,,0.044344544410705566,0.6673675775527954,lose,0.0,9240.407972317716
11/17/2024,2024,14.0,Tennessee Titans,Minnesota Vikings,moneyline,Tennessee Titans,184.80815944635432,-156.91025531582903,,0.14145362377166748,0.752212643623352,lose,0.0,9055.599812871362
11/18/2024,2024,14.0,Dallas Cowboys,Houston Texans,moneyline,Dallas Cowboys,181.11199625742725,-206.24606395358825,,0.03611546754837036,0.709580659866333,lose,0.0,8874.487816613935
11/24/2024,2024,14.0,Chicago Bears,Minnesota Vikings,moneyline,Minnesota Vikings,177.48975633227872,199.77188960589223,,0.390902042388916,0.7244890332221985,win,354.57464008188697,9229.062456695821
11/24/2024,2024,14.0,Chicago Bears,Minnesota Vikings,over,,177.48975633227872,-115.12598144565442,39.5,0.08984389903997814,0.625,win,154.1700266990239,9383.232483394846
11/24/2024,2024,14.0,Indianapolis Colts,Detroit Lions,moneyline,Indianapolis Colts,187.66464966789692,-162.71550549509527,,0.15845000743865967,0.7778100967407227,lose,0.0,9195.56783372695
11/24/2024,2024,15.0,Washington Commanders,Dallas Cowboys,over,,183.91135667453898,-114.1573214031964,44.5,0.09194644546720343,0.625,win,161.10342675698894,9356.671260483938
11/25/2024,2024,15.0,Los Angeles Chargers,Baltimore Ravens,moneyline,Baltimore Ravens,187.13342520967876,181.28079997349306,,0.37334734201431274,0.7288639545440674,win,339.236970237904,9695.908230721841
11/29/2024,2024,15.0,Kansas City Chiefs,Las Vegas Raiders,over,,193.91816461443682,-112.13008208432355,42.0,0.021408859212382447,0.55,lose,0.0,9501.990066107404
12/1/2024,2024,15.0,Atlanta Falcons,Los Angeles Chargers,moneyline,Los Angeles Chargers,190.0398013221481,240.01476039004123,,0.4402318596839905,0.7343367338180542,win,456.12357378906415,9958.113639896468
12/1/2024,2024,15.0,Baltimore Ravens,Philadelphia Eagles,moneyline,Philadelphia Eagles,199.16227279792938,288.19129936449553,,0.47941166162490845,0.7370166182518005,win,573.9683418202139,10532.081981716681
12/1/2024,2024,15.0,Baltimore Ravens,Philadelphia Eagles,under,,199.16227279792938,-110.54662738975472,50.0,0.024954176372934178,0.55,win,180.16132875383173,10712.243310470512
12/1/2024,2024,15.0,Carolina Panthers,Tampa Bay Buccaneers,moneyline,Tampa Bay Buccaneers,214.24486620941025,286.62122872699206,,0.5015381574630737,0.7601892352104187,win,614.0712680139119,11326.314578484424
12/8/2024,2024,16.0,New York Giants,New Orleans Saints,moneyline,New York Giants,226.52629156968848,-222.04530663572984,,0.08812808990478516,0.7776127457618713,lose,0.0,11099.788286914736
12/8/2024,2024,16.0,Pittsburgh Steelers,Cleveland Browns,over,,221.99576573829472,-111.65598814769807,43.0,0.02246478058640078,0.55,lose,0.0,10877.792521176441
12/8/2024,2024,16.0,Tennessee Titans,Jacksonville Jaguars,moneyline,Jacksonville Jaguars,217.55585042352882,131.911755873377,,0.32585105299949646,0.757049560546875,win,286.98174229893453,11164.774263475376
12/9/2024,2024,16.0,Dallas Cowboys,Cincinnati Bengals,moneyline,Dallas Cowboys,223.2954852695075,-221.70655185918298,,0.08147424459457397,0.7706319689750671,lose,0.0,10941.478778205868
12/9/2024,2024,16.0,Dallas Cowboys,Cincinnati Bengals,under,,223.2954852695075,-110.119919382742,50.5,0.025918705345807536,0.55,win,202.77483539867393,11144.253613604542
12/12/2024,2024,17.0,San Francisco 49ers,Los Angeles Rams,moneyline,Los Angeles Rams,222.88507227209084,130.47980259633536,,0.2904582917690277,0.724335789680481,win,290.82000231732354,11435.073615921865
12/15/2024,2024,17.0,Carolina Panthers,Dallas Cowboys,moneyline,Dallas Cowboys,228.7014723184373,234.45940924420495,,0.4436543583869934,0.7426443099975586,win,536.212120930607,11971.285736852473
12/15/2024,2024,17.0,Cleveland Browns,Kansas City Chiefs,over,,239.42571473704947,-117.66628678775514,41.0,0.08441887223678923,0.625,lose,0.0,11731.860022115423
12/15/2024,2024,17.0,Detroit Lions,Buffalo Bills,moneyline,Buffalo Bills,234.63720044230845,160.69475263618602,,0.3568894565105438,0.7404798269271851,win,377.04966884323954,12108.909690958662
12/15/2024,2024,17.0,Jacksonville Jaguars,New York Jets,over,,242.17819381917326,-118.8064877314628,41.5,0.0820248397877863,0.625,win,203.84256654953592,12312.752257508198
12/15/2024,2024,17.0,New York Giants,Baltimore Ravens,moneyline,Baltimore Ravens,246.25504515016397,294.67013569051596,,0.47881409525871277,0.7321902513504028,win,725.6400756887296,13038.392333196927
12/15/2024,2024,17.0,New York Giants,Baltimore Ravens,under,,246.25504515016397,-111.12062647185502,43.5,0.09866286123317858,0.625,lose,0.0,12792.137288046762
12/21/2024,2024,18.0,Baltimore Ravens,Pittsburgh Steelers,over,,255.84274576093526,-113.89280482758636,44.0,0.09252390797160048,0.625,win,224.63468710621015,13016.771975152973
12/22/2024,2024,18.0,Buffalo Bills,New England Patriots,over,,260.3354395030595,-116.81555534560825,48.0,0.0862215200177775,0.625,lose,0.0,12756.436535649913
12/22/2024,2024,18.0,New York Jets,Los Angeles Rams,moneyline,New York Jets,255.12873071299828,-211.34384413299762,,0.0442427396774292,0.7230544686317444,lose,0.0,12501.307804936914
12/22/2024,2024,18.0,Seattle Seahawks,Minnesota Vikings,moneyline,Seattle Seahawks,250.02615609873828,-195.74663939479672,,0.12277328968048096,0.7846460342407227,lose,0.0,12251.281648838176
12/22/2024,2024,18.0,Seattle Seahawks,Minnesota Vikings,under,,250.02615609873828,-119.75502835381606,43.0,0.08005215852897452,0.625,lose,0.0,12001.255492739438
12/25/2024,2024,19.0,Pittsburgh Steelers,Kansas City Chiefs,moneyline,Pittsburgh Steelers,240.02510985478875,-177.93496092965879,,0.045168280601501465,0.6853718757629395,lose,0.0,11761.230382884649
12/26/2024,2024,19.0,Chicago Bears,Seattle Seahawks,moneyline,Chicago Bears,235.22460765769299,-168.1117066018561,,0.03817713260650635,0.6651982665061951,lose,0.0,11526.005775226957
12/28/2024,2024,19.0,Buffalo Bills,New York Jets,over,,230.52011550453915,-114.64633594367554,44.5,0.09088263228607163,0.625,win,201.07063484156274,11727.07641006852
12/28/2024,2024,20.0,Cincinnati Bengals,Denver Broncos,under,,234.5415282013704,-111.28085876101332,50.5,0.09830364230066513,0.625,lose,0.0,11492.534881867148
12/28/2024,2024,20.0,New England Patriots,Los Angeles Chargers,moneyline,Los Angeles Chargers,229.85069763734296,151.34192605677623,,0.3227543532848358,0.720618724822998,win,347.8604728592919,11840.395354726441
12/28/2024,2024,20.0,New England Patriots,Los Angeles Chargers,over,,229.85069763734296,-114.62838974967609,42.0,0.015921587151780492,0.55,win,200.51812481994014,12040.913479546381
12/29/2024,2024,20.0,Cleveland Browns,Miami Dolphins,moneyline,Cleveland Browns,240.81826959092763,-152.62844781300498,,0.06382620334625244,0.6679879426956177,lose,0.0,11800.095209955454
12/29/2024,2024,20.0,Cleveland Browns,Miami Dolphins,over,,240.81826959092763,-112.60696506884578,32.5,0.020351476808947888,0.55,lose,0.0,11559.276940364527
12/29/2024,2024,22.0,New Orleans Saints,Las Vegas Raiders,moneyline,Las Vegas Raiders,231.18553880729056,267.13076446984263,,0.4409586787223816,0.7133411765098572,win,617.5676971596399,12176.844637524167
12/29/2024,2024,22.0,New Orleans Saints,Las Vegas Raiders,over,,231.18553880729056,-117.09618940632704,37.5,0.08562531209534718,0.625,lose,0.0,11945.659098716877
